{
  "1": {"diameter": 45.0421500583803, "max_x": 2.612946, "max_y": 22.49634, "max_z": 22.5, "min_x": -2.612946, "min_y": -22.49634, "min_z": -22.5, "size_x": 5.225892, "size_y": 44.99268, "size_z": 45.0},
  "2": {"diameter": 92.01762141391153, "max_x": 46.0, "max_y": 0.8999939, "max_z": 45.94096, "min_x": -46.0, "min_y": -0.8999939, "min_z": -45.94096, "size_x": 92.0, "size_y": 1.7999878, "size_z": 91.88192},
  "3": {"diameter": 77.78883317224914, "max_x": 8.500816, "max_y": 38.5, "max_z": 9.450012, "min_x": -8.500824, "min_y": -38.5, "min_z": -9.449997, "size_x": 17.001640000000002, "size_y": 77.0, "size_z": 18.900008999999997},
  "4": {"diameter": 214.41196119269955, "max_x": 78.5, "max_y": 98.89999, "max_z": 78.5, "min_x": -78.50001, "min_y": -98.89999, "min_z": -78.5, "size_x": 157.00001, "size_y": 197.79998, "size_z": 157.0},
  "5": {"diameter": 100.08352950539468, "max_x": 49.829201, "max_y": 20.0, "max_z": 50.0, "min_x": -49.829201, "min_y": -20.0, "min_z": -50.0, "size_x": 99.658402, "size_y": 40.0, "size_z": 100.0},
  "6": {"diameter": 157.38055921223435, "max_x": 78.0, "max_y": 11.0, "max_z": 78.0, "min_x": -78.0, "min_y": -11.0, "min_z": -78.0, "size_x": 156.0, "size_y": 22.0, "size_z": 156.0},
  "7": {"diameter": 62.91540200133592, "max_x": 31.457701, "max_y": 31.2026, "max_z": 11.1273, "min_x": -31.457701, "min_y": -31.2026, "min_z": -11.1273, "size_x": 62.915402, "size_y": 62.4052, "size_z": 22.2546},
  "8": {"diameter": 114.35762419637528, "max_x": 56.586601, "max_y": 8.5, "max_z": 56.722099, "min_x": -56.586601, "min_y": -8.5, "min_z": -56.722099, "size_x": 113.173202, "size_y": 17.0, "size_z": 113.444198},
  "9": {"diameter": 157.8132587982696, "max_x": 78.5, "max_y": 34.0, "max_z": 78.5, "min_x": -78.5, "min_y": -34.0, "min_z": -78.5, "size_x": 157.0, "size_y": 68.0, "size_z": 157.0}
}