{
  "cx": 327.252349853516,
  "cy": 238.255386352539,
  "depth_scale": 1.0,
  "fx": 614.854614257812,
  "fy": 615.092468261719,
  "height": 480,
  "width": 640
}
