{
  "cx": 325.2466125488281,
  "cy": 241.68731689453125,
  "depth_scale": 1.0,
  "fx": 608.074462890625,
  "fy": 608.1943359375,
  "height": 480,
  "width": 640
}
