{
  "cx": 647.869934082031,
  "cy": 362.530975341797,
  "depth_scale": 1.0,
  "fx": 912.111694335938,
  "fy": 912.291442871094,
  "height": 720,
  "width": 1280
}
